"#","","Flow ID","Src IP","Src Port","Dst IP","Dst Port","Protocol","Timestamp","Flow Duration","Tot Fwd Pkts","Tot Bwd Pkts","TotLen Fwd Pkts","TotLen Bwd Pkts","Fwd Pkt Len Max","Fwd Pkt Len Min","Fwd Pkt Len Mean","Fwd Pkt Len Std","Bwd Pkt Len Max","Bwd Pkt Len Min","Bwd Pkt Len Mean","Bwd Pkt Len Std","Flow Byts/s","Flow Pkts/s","Flow IAT Mean","Flow IAT Std","Flow IAT Max","Flow IAT Min","Fwd IAT Tot","Fwd IAT Mean","Fwd IAT Std","Fwd IAT Max","Fwd IAT Min","Bwd IAT Tot","Bwd IAT Mean","Bwd IAT Std","Bwd IAT Max","Bwd IAT Min","Fwd PSH Flags","Bwd PSH Flags","Fwd URG Flags","Bwd URG Flags","Fwd Header Len","Bwd Header Len","Fwd Pkts/s","Bwd Pkts/s","Pkt Len Min","Pkt Len Max","Pkt Len Mean","Pkt Len Std","Pkt Len Var","FIN Flag Cnt","SYN Flag Cnt","RST Flag Cnt","PSH Flag Cnt","ACK Flag Cnt","URG Flag Cnt","CWE Flag Count","ECE Flag Cnt","Down/Up Ratio","Pkt Size Avg","Fwd Seg Size Avg","Bwd Seg Size Avg","Fwd Byts/b Avg","Fwd Pkts/b Avg","Fwd Blk Rate Avg","Bwd Byts/b Avg","Bwd Pkts/b Avg","Bwd Blk Rate Avg","Subflow Fwd Pkts","Subflow Fwd Byts","Subflow Bwd Pkts","Subflow Bwd Byts","Init Fwd Win Byts","Init Bwd Win Byts","Fwd Act Data Pkts","Fwd Seg Size Min","Active Mean","Active Std","Active Max","Active Min","Idle Mean","Idle Std","Idle Max","Idle Min","Label"
"1","624","192.168.4.118-203.73.24.75-4504-80-6","192.168.4.118","4504","203.73.24.75","80","6","12/06/2010 08:34:32 AM","3974862","29","44","86","59811","86","0","2.9655172413793096","15.969799083226464","1460","0","1359.3409090909086","372.02718975289076","15068.950821437324","18.365417466065487","55206.41666666666","195478.31665363663","1566821","167","3735347","133405.25","341775.6887123293","1805015","167","3974862","92438.65116279072","248174.8205743075","1566821","3997","0","0","0","0","768","896","7.295850774190399","11.069566691875089","0","1460","809.4189189189186","728.8624277195806","531240.438541281","0","1","0","0","0","0","0","0","1","820.5068493150685","2.9655172413793105","1359.340909090909","0","0","0","0","0","0","29","86","44","59811","-1","5840","1","0","0","0","0","0","0","0","0","0","ddos"
"2","625","192.168.4.118-203.73.24.75-4504-80-6","192.168.4.118","4504","203.73.24.75","80","6","12/06/2010 08:34:36 AM","63","1","1","0","0","0","0","0","0","0","0","0","0","0.0","31746.031746031742","63","0","63","63","0","0","0","0","0","0","0","0","0","0","0","0","0","0","20","20","15873.015873015871","15873.015873015871","0","0","0","0","0","0","0","0","0","1","0","0","0","1","0","0","0","0","0","0","0","0","0","1","0","1","0","-1","17520","0","0","0","0","0","0","0","0","0","0","ddos"
"3","626","192.168.4.118-203.73.24.75-4505-80-6","192.168.4.118","4505","203.73.24.75","80","6","12/06/2010 08:34:36 AM","476078","2","6","86","3037","86","0","43","60.8111831820431","1460","0","506.16666666666674","740.224402912162","6559.849436436886","16.80396909750083","68011.14285714286","110862.70745149693","232203","6","134","134","0","134","134","476078","95215.6","123467.30357993569","232601","6","0","0","0","0","40","136","4.200992274375206","12.602976823125625","0","1460","347","632.5152172082503","400075.5","0","1","0","0","0","0","0","0","3","390.375","43","506.16666666666674","0","0","0","0","0","0","2","86","6","3037","-1","5840","1","0","0","0","0","0","0","0","0","0","ddos"
"4","627","192.168.4.118-203.73.24.75-4505-80-6","192.168.4.118","4505","203.73.24.75","80","6","12/06/2010 08:34:37 AM","151","2","1","0","0","0","0","0","0","0","0","0","0","0.0","19867.54966887417","75.5","98.28784258493008","145","6","145","145","0","145","145","0","0","0","0","0","0","0","0","0","40","20","13245.033112582783","6622.516556291392","0","0","0","0","0","0","0","0","0","1","0","0","0","0","0","0","0","0","0","0","0","0","0","2","0","1","0","-1","17520","0","0","0","0","0","0","0","0","0","0","ddos"
"5","628","192.168.4.118-203.73.24.75-4506-80-6","192.168.4.118","4506","203.73.24.75","80","6","12/06/2010 08:34:37 AM","472507","2","5","73","1050","73","0","36.5","51.61879502661797","1050","0","210","469.5742752749558","2376.6843665808124","14.814595339328307","78751.16666666669","118675.49225078724","232355","7","179","179","0","179","179","472507","118126.75","131726.85733333448","232875","7","0","0","0","0","40","116","4.232741525522373","10.581853813805932","0","1050","140.375","368.4306244057353","135741.125","0","1","0","0","0","0","0","0","2","160.42857142857142","36.5","210","0","0","0","0","0","0","2","73","5","1050","-1","5840","1","0","0","0","0","0","0","0","0","0","ddos"
"6","629","192.168.4.118-203.73.24.75-4506-80-6","192.168.4.118","4506","203.73.24.75","80","6","12/06/2010 08:34:37 AM","138","1","1","0","0","0","0","0","0","0","0","0","0","0.0","14492.753623188406","138","0","138","138","0","0","0","0","0","0","0","0","0","0","0","0","0","0","20","20","7246.376811594203","7246.376811594203","0","0","0","0","0","0","0","0","0","1","0","0","0","1","0","0","0","0","0","0","0","0","0","1","0","1","0","-1","16470","0","0","0","0","0","0","0","0","0","0","ddos"
"7","630","192.168.4.118-203.73.24.75-4507-80-6","192.168.4.118","4507","203.73.24.75","80","6","12/06/2010 08:34:37 AM","469596","2","5","69","890","69","0","34.5","48.790367901871775","890","0","178","398.02009999496255","2042.1809385088445","14.906430208093765","78266","118162.33215200182","231830","7","142","142","0","142","142","469596","117399","131247.33116524693","232353","7","0","0","0","0","40","116","4.258980059455362","10.647450148638404","0","890","119.875","312.11281728613085","97414.41071428572","0","1","0","0","0","0","0","0","2","137","34.5","178","0","0","0","0","0","0","2","69","5","890","-1","5840","1","0","0","0","0","0","0","0","0","0","ddos"
"8","631","192.168.4.118-203.73.24.75-4507-80-6","192.168.4.118","4507","203.73.24.75","80","6","12/06/2010 08:34:37 AM","1978","1","1","0","0","0","0","0","0","0","0","0","0","0.0","1011.1223458038423","1978","0","1978","1978","0","0","0","0","0","0","0","0","0","0","0","0","0","0","20","20","505.56117290192117","505.56117290192117","0","0","0","0","0","0","0","0","0","1","0","0","0","1","0","0","0","0","0","0","0","0","0","1","0","1","0","-1","16630","0","0","0","0","0","0","0","0","0","0","ddos"
"9","632","192.168.4.118-203.73.24.75-4508-80-6","192.168.4.118","4508","203.73.24.75","80","6","12/06/2010 08:34:37 AM","468629","2","5","70","669","70","0","35","49.49747468305833","669","0","133.8","299.1858953894718","1576.9403942137594","14.937189119751446","78104.83333333334","119118.09406201338","235236","6","92","92","0","92","92","468629","117157.25","132649.37390322154","235540","6","0","0","0","0","40","116","4.267768319928984","10.669420799822461","0","669","92.375","234.27574565029136","54885.12500000001","0","1","0","0","0","0","0","0","2","105.57142857142857","35","133.8","0","0","0","0","0","0","2","70","5","669","-1","5840","1","0","0","0","0","0","0","0","0","0","ddos"
"10","633","192.168.4.118-203.73.24.75-4508-80-6","192.168.4.118","4508","203.73.24.75","80","6","12/06/2010 08:34:38 AM","102","1","1","0","0","0","0","0","0","0","0","0","0","0.0","19607.843137254906","102","0","102","102","0","0","0","0","0","0","0","0","0","0","0","0","0","0","20","20","9803.921568627453","9803.921568627453","0","0","0","0","0","0","0","0","0","1","0","0","0","1","0","0","0","0","0","0","0","0","0","1","0","1","0","-1","16851","0","0","0","0","0","0","0","0","0","0","ddos"
"11","636","192.168.4.118-203.73.24.75-4509-80-6","192.168.4.118","4509","203.73.24.75","80","6","12/06/2010 08:34:38 AM","1434885","14","25","63","31473","63","0","4.499999999999999","16.837458240482732","1460","0","1258.92","491.7053589295117","21978.06792878872","27.179878526850587","37760.13157894735","78207.73823473626","241160","142","1178154","90627.23076923077","106869.98664354882","262982","142","1434885","59786.87500000003","95568.93616666019","241160","3748","0","0","0","0","280","516","9.756879471177133","17.42299905567345","0","1460","788.4","726.1693593518927","527321.9384615384","0","1","0","0","0","0","0","0","1","808.6153846153846","4.5","1258.92","0","0","0","0","0","0","14","63","25","31473","-1","5840","1","0","0","0","0","0","0","0","0","0","ddos"
"12","637","192.168.4.118-203.73.24.75-4509-80-6","192.168.4.118","4509","203.73.24.75","80","6","12/06/2010 08:34:39 AM","39","1","1","0","0","0","0","0","0","0","0","0","0","0.0","51282.05128205128","39","0","39","39","0","0","0","0","0","0","0","0","0","0","0","0","0","0","20","20","25641.02564102564","25641.02564102564","0","0","0","0","0","0","0","0","0","1","0","0","0","1","0","0","0","0","0","0","0","0","0","1","0","1","0","-1","16707","0","0","0","0","0","0","0","0","0","0","ddos"
"13","638","192.168.4.118-203.73.24.75-4510-80-6","192.168.4.118","4510","203.73.24.75","80","6","12/06/2010 08:34:39 AM","966411","6","12","63","11803","63","0","10.5","25.71964229922337","1460","0","983.5833333333333","704.4465859270258","12278.419844144986","18.625615809422694","56847.70588235294","100400.58460223519","238499","6","732476","146495.2","129599.20072168655","248169","135","966411","87855.54545454544","115204.12733523366","239854","6","0","0","0","0","120","256","6.2085386031409","12.4170772062818","0","1460","624.5263157894738","732.6234722193817","536737.1520467835","0","1","0","0","0","0","0","0","2","659.2222222222222","10.5","983.5833333333336","0","0","0","0","0","0","6","63","12","11803","-1","5840","1","0","0","0","0","0","0","0","0","0","ddos"
"14","639","192.168.4.118-203.73.24.75-4510-80-6","192.168.4.118","4510","203.73.24.75","80","6","12/06/2010 08:34:40 AM","6","1","1","0","0","0","0","0","0","0","0","0","0","0.0","333333.33333333326","6","0","6","6","0","0","0","0","0","0","0","0","0","0","0","0","0","0","20","20","166666.66666666663","166666.66666666663","0","0","0","0","0","0","0","0","0","1","0","0","0","1","0","0","0","0","0","0","0","0","0","1","0","1","0","-1","17520","0","0","0","0","0","0","0","0","0","0","ddos"
"15","640","192.168.4.118-203.73.24.75-4511-80-6","192.168.4.118","4511","203.73.24.75","80","6","12/06/2010 08:34:40 AM","510476","6","11","70","11403","70","0","11.666666666666664","28.577380332470412","1460","0","1036.6363636363637","670.8147691765996","22475.10166981406","33.30225123218329","31904.750000000004","78336.85343055338","233822","133","276999","55399.8","111345.10637966989","254475","133","510476","51047.60000000001","95784.02735691957","234382","3253","0","0","0","0","120","236","11.753735729005866","21.548515503177423","0","1460","637.3888888888888","728.1251620662391","530166.2516339871","0","1","0","0","0","0","0","0","1","674.8823529411766","11.666666666666664","1036.6363636363637","0","0","0","0","0","0","6","70","11","11403","-1","5840","1","0","0","0","0","0","0","0","0","0","ddos"
"16","641","192.168.4.118-203.73.24.75-4511-80-6","192.168.4.118","4511","203.73.24.75","80","6","12/06/2010 08:34:41 AM","6","1","1","0","0","0","0","0","0","0","0","0","0","0.0","333333.33333333326","6","0","6","6","0","0","0","0","0","0","0","0","0","0","0","0","0","0","20","20","166666.66666666663","166666.66666666663","0","0","0","0","0","0","0","0","0","1","0","0","0","1","0","0","0","0","0","0","0","0","0","1","0","1","0","-1","16337","0","0","0","0","0","0","0","0","0","0","ddos"
"17","644","192.168.4.118-203.73.24.75-4512-80-6","192.168.4.118","4512","203.73.24.75","80","6","12/06/2010 08:34:41 AM","513876","6","11","70","11403","70","0","11.666666666666664","28.577380332470412","1460","0","1036.6363636363637","670.8147691765996","22326.39780803151","33.08191081116845","32117.25","77781.35894201559","231567","136","281121","56224.2","113058.83149581905","258371","136","513876","51387.6","94937.27717486834","232090","3250","0","0","0","0","120","236","11.675968521588864","21.40594228957959","0","1460","637.3888888888888","728.1251620662391","530166.2516339871","0","1","0","0","0","0","0","0","1","674.8823529411766","11.666666666666664","1036.6363636363637","0","0","0","0","0","0","6","70","11","11403","-1","5840","1","0","0","0","0","0","0","0","0","0","ddos"
"18","645","192.168.4.118-203.73.24.75-4512-80-6","192.168.4.118","4512","203.73.24.75","80","6","12/06/2010 08:34:41 AM","6","1","1","0","0","0","0","0","0","0","0","0","0","0.0","333333.33333333326","6","0","6","6","0","0","0","0","0","0","0","0","0","0","0","0","0","0","20","20","166666.66666666663","166666.66666666663","0","0","0","0","0","0","0","0","0","1","0","0","0","1","0","0","0","0","0","0","0","0","0","1","0","1","0","-1","16337","0","0","0","0","0","0","0","0","0","0","ddos"
"19","646","192.168.4.118-203.73.24.75-4513-80-6","192.168.4.118","4513","203.73.24.75","80","6","12/06/2010 08:34:41 AM","506932","6","11","70","11403","70","0","11.666666666666664","28.577380332470412","1460","0","1036.6363636363637","670.8147691765996","22632.226807540254","33.53506979239819","31683.25","77944.2838532756","231716","121","274077","54815.4","110050.36338104476","251583","121","506932","50693.19999999999","95294.54670628092","232156","3250","0","0","0","0","120","236","11.835906985552304","21.69916280684589","0","1460","637.3888888888888","728.1251620662391","530166.2516339871","0","1","0","0","0","0","0","0","1","674.8823529411766","11.666666666666664","1036.6363636363637","0","0","0","0","0","0","6","70","11","11403","-1","5840","1","0","0","0","0","0","0","0","0","0","ddos"
"20","647","192.168.4.118-203.73.24.75-4513-80-6","192.168.4.118","4513","203.73.24.75","80","6","12/06/2010 08:34:42 AM","6","1","1","0","0","0","0","0","0","0","0","0","0","0.0","333333.33333333326","6","0","6","6","0","0","0","0","0","0","0","0","0","0","0","0","0","0","20","20","166666.66666666663","166666.66666666663","0","0","0","0","0","0","0","0","0","1","0","0","0","1","0","0","0","0","0","0","0","0","0","1","0","1","0","-1","16337","0","0","0","0","0","0","0","0","0","0","ddos"
"21","652","192.168.4.118-203.73.24.75-4514-80-6","192.168.4.118","4514","203.73.24.75","80","6","12/06/2010 08:34:42 AM","534657","6","11","70","11403","70","0","11.666666666666664","28.577380332470412","1460","0","1036.6363636363637","670.8147691765996","21458.61739395537","31.79608608883827","33416.0625","82878.12294887696","255241","126","296931","59386.2","120140.1226410228","274199","126","534657","53465.69999999999","101386.62664282262","255572","3250","0","0","0","0","120","236","11.22214803135468","20.573938057483577","0","1460","637.3888888888888","728.1251620662391","530166.2516339871","0","1","0","0","0","0","0","0","1","674.8823529411766","11.666666666666664","1036.6363636363637","0","0","0","0","0","0","6","70","11","11403","-1","5840","1","0","0","0","0","0","0","0","0","0","ddos"
"22","653","192.168.4.118-203.73.24.75-4514-80-6","192.168.4.118","4514","203.73.24.75","80","6","12/06/2010 08:34:42 AM","6","1","1","0","0","0","0","0","0","0","0","0","0","0.0","333333.33333333326","6","0","6","6","0","0","0","0","0","0","0","0","0","0","0","0","0","0","20","20","166666.66666666663","166666.66666666663","0","0","0","0","0","0","0","0","0","1","0","0","0","1","0","0","0","0","0","0","0","0","0","1","0","1","0","-1","16337","0","0","0","0","0","0","0","0","0","0","ddos"
"23","656","192.168.4.118-203.73.24.75-4515-80-6","192.168.4.118","4515","203.73.24.75","80","6","12/06/2010 08:34:42 AM","4093816","29","44","62","59813","62","0","2.1379310344827585","11.513110966977214","1460","0","1359.386363636363","372.0337704044528","14625.718400631587","17.831773582398426","56858.555555555555","159586.71720220687","1205285","121","3856952","137748.28571428568","275469.1355714973","1441996","121","4093816","95205.02325581398","202130.02987415803","1205285","3749","0","0","0","0","776","896","7.083855258761019","10.747918323637409","0","1460","809.1216216216219","729.216655193114","531756.9302110329","0","1","0","0","0","0","0","0","1","820.2054794520548","2.1379310344827585","1359.3863636363635","0","0","0","0","0","0","29","62","44","59813","-1","5840","1","0","0","0","0","0","0","0","0","0","ddos"
"24","657","192.168.4.118-203.73.24.75-4515-80-6","192.168.4.118","4515","203.73.24.75","80","6","12/06/2010 08:34:46 AM","137","1","1","0","0","0","0","0","0","0","0","0","0","0.0","14598.540145985402","137","0","137","137","0","0","0","0","0","0","0","0","0","0","0","0","0","0","20","20","7299.270072992701","7299.270072992701","0","0","0","0","0","0","0","0","0","1","0","0","0","1","0","0","0","0","0","0","0","0","0","1","0","1","0","-1","17520","0","0","0","0","0","0","0","0","0","0","ddos"
"25","665","192.168.4.118-203.73.24.75-4516-80-6","192.168.4.118","4516","203.73.24.75","80","6","12/06/2010 08:34:46 AM","3510951","24","44","62","59810","62","0","2.583333333333333","12.655697004379752","1460","0","1359.3181818181813","372.0239910197886","17052.92953390691","19.36797181162597","52402.253731343284","174466.86771222047","1313214","136","3234869","140646.47826086954","334835.18237904203","1612444","136","3510951","81650.02325581394","216045.59125327144","1313214","3749","0","0","0","0","480","896","6.835754757044459","12.532217054581508","0","1460","867.7101449275364","720.5431183050348","519182.38533674343","0","1","0","0","0","0","0","0","1","880.4705882352941","2.583333333333333","1359.3181818181818","0","0","0","0","0","0","24","62","44","59810","-1","5840","1","0","0","0","0","0","0","0","0","0","ddos"
"26","666","192.168.4.118-203.73.24.75-4516-80-6","192.168.4.118","4516","203.73.24.75","80","6","12/06/2010 08:34:50 AM","204","1","1","0","0","0","0","0","0","0","0","0","0","0.0","9803.921568627453","204","0","204","204","0","0","0","0","0","0","0","0","0","0","0","0","0","0","20","20","4901.960784313726","4901.960784313726","0","0","0","0","0","0","0","0","0","1","0","0","0","1","0","0","0","0","0","0","0","0","0","1","0","1","0","-1","16110","0","0","0","0","0","0","0","0","0","0","ddos"
"27","694","192.168.1.103-208.113.162.153-1721-80-6","192.168.1.103","1721","208.113.162.153","80","6","12/06/2010 08:35:22 AM","4134203","80","148","422","193728","68","0","5.275000000000002","17.18475553462458","1460","0","1308.9729729729727","376.70658290598885","46961.89325971656","55.14968665060714","18212.348017621145","108825.911483114","1600672","161","2434797","30820.21518987342","41415.4833231365","154368","161","4134203","28123.8299319728","146845.3880822701","1753477","620","0","0","0","0","1600","2976","19.35076724582707","35.798919404780065","0","1460","847.8165938864626","694.1710135400531","481873.39603922464","0","1","0","0","0","0","0","0","1","851.5350877192983","5.275","1308.972972972973","0","0","0","0","0","0","80","422","148","193728","-1","5840","7","0","0","0","0","0","0","0","0","0","ddos"
"28","699","192.168.1.103-208.113.162.153-1721-80-6","192.168.1.103","1721","208.113.162.153","80","6","12/06/2010 08:35:26 AM","5977626","2","1","51","0","51","0","25.5","36.062445840513924","0","0","0","0","8.531815138652034","0.5018714787442373","2988813","4226494.610877671","5977396","230","230","230","0","230","230","0","0","0","0","0","0","0","0","0","40","20","0.33458098582949153","0.16729049291474574","0","51","12.75","25.5","650.25","0","0","0","0","1","0","0","0","0","17","25.5","0","0","0","0","0","0","0","2","51","1","0","-1","16496","1","0","0","0","0","0","5977396","0","5977396","5977396","ddos"
"29","700","192.168.1.103-208.113.162.153-1728-80-6","192.168.1.103","1728","208.113.162.153","80","6","12/06/2010 08:35:32 AM","3040957","39","73","172","94547","61","0","4.410256410256411","15.528781340869074","1460","0","1295.164383561644","413.61556270751083","31147.760392534317","36.83051092139744","27396.00900900901","148870.72168755226","1541924","130","1370577","36067.815789473694","49348.36344111627","210132","130","3040957","42235.51388888888","206890.17670571926","1750972","601","0","0","0","0","780","1476","12.824910052986608","24.00560086841083","0","1460","838.2212389380528","703.219353790039","494517.45954488","0","1","0","0","0","0","0","0","1","845.7053571428571","4.410256410256411","1295.164383561644","0","0","0","0","0","0","39","172","73","94547","-1","5840","3","0","0","0","0","0","0","0","0","0","ddos"
"30","702","192.168.1.103-208.113.162.153-1728-80-6","192.168.1.103","1728","208.113.162.153","80","6","12/06/2010 08:35:35 AM","632174","2","1","100","0","51","49","50","1.4142135623730951","0","0","0","0","158.18429736116954","4.745528920835087","316087","446771.2775570963","632002","172","172","172","0","172","172","0","0","0","0","0","0","0","0","0","40","20","3.163685947223391","1.5818429736116957","0","51","25","28.879058156387305","834","0","0","0","0","1","0","0","0","0","33.333333333333336","50","0","0","0","0","0","0","0","2","100","1","0","-1","16496","2","0","0","0","0","0","0","0","0","0","ddos"
"31","715","192.168.1.103-208.113.162.153-1731-80-6","192.168.1.103","1731","208.113.162.153","80","6","12/06/2010 08:35:36 AM","3439332","39","73","170","94585","61","0","4.35897435897436","15.373400095597761","1460","0","1295.6849315068491","414.2676227295696","27550.408044352796","32.564463099229734","30984.97297297297","133829.5226628713","1347298","161","1978089","52054.973684210505","71783.04288298058","264830","161","3439332","47768.49999999999","187397.33872274228","1561368","1740","0","0","0","0","780","1476","11.339411257767498","21.22505184146224","0","1460","838.5398230088495","703.7064631978287","495202.78634639713","0","1","0","0","0","0","0","0","1","846.0267857142858","4.3589743589743595","1295.6849315068496","0","0","0","0","0","0","39","170","73","94585","-1","5840","3","0","0","0","0","0","0","0","0","0","ddos"
"32","719","192.168.1.103-208.113.162.153-1730-80-6","192.168.1.103","1730","208.113.162.153","80","6","12/06/2010 08:35:36 AM","4099567","74","138","351","189124","61","0","4.743243243243244","16.108417616401862","1460","0","1370.4637681159425","322.9876307640488","46218.295737086366","51.712778447089654","19429.227488151653","96918.0559035774","1349604","91","2635813","36107.027397260266","45527.72821557716","163736","91","4099567","29923.846715328462","132259.48287701508","1514471","161","0","0","0","0","1480","2776","18.050686816436954","33.6620916306527","0","1460","889.5539906103287","703.6023635451762","495056.2859863582","0","1","0","0","0","0","0","0","1","893.75","4.743243243243243","1370.463768115942","0","0","0","0","0","0","74","351","138","189124","-1","5840","6","0","0","0","0","0","0","0","0","0","ddos"
"33","752","192.168.1.103-97.74.144.108-1725-80-6","192.168.1.103","1725","97.74.144.108","80","6","12/06/2010 08:35:28 AM","23221098","47","78","290","101998","110","0","6.170212765957447","24.13667527709661","1460","0","1307.6666666666672","426.640536266946","4404.959662114168","5.383035720360854","187266.91935483878","1400894.679958708","15094326","155","8018116","174306.86956521735","630711.5703926657","3787574","155","23221098","301572.7012987013","1772519.33509703","15095678","365","0","0","0","0","940","1572","2.024021430855681","3.359014289505174","0","1460","811.8095238095235","717.6924434801939","515082.4434285714","0","1","0","0","0","0","0","0","1","818.304","6.170212765957447","1307.6666666666667","0","0","0","0","0","0","47","290","78","101998","-1","5840","3","0","0","0","0","0","0","0","0","0","ddos"
"34","766","192.168.1.103-97.74.144.108-1722-80-6","192.168.1.103","1722","97.74.144.108","80","6","12/06/2010 08:35:22 AM","36959751","79","134","867","166390","118","0","10.974683544303796","31.39123456110586","1460","0","1241.7164179104475","481.4613346063282","4525.382219160514","5.763025838566933","174338.4481132075","1211088.2312503385","16708121","6","20144679","258265.11538461532","673925.8850709008","3255767","151","36959751","277892.8646616541","1543334.587621575","16888185","6","0","0","0","0","1580","2692","2.137460287543604","3.625565551023328","0","1460","781.5747663551404","708.1079342137214","501416.8464964239","0","1","0","0","0","0","0","0","1","785.244131455399","10.974683544303796","1241.7164179104475","0","0","0","0","0","0","79","867","134","166390","-1","5840","9","0","0","0","0","0","0","0","0","0","ddos"
"35","798","192.168.4.118-203.73.24.75-4521-80-6","192.168.4.118","4521","203.73.24.75","80","6","12/06/2010 08:36:29 AM","3294548","52","98","62","138613","62","0","1.1923076923076918","8.597853041491051","1460","0","1414.4183673469386","252.79378839872047","42092.268802882834","45.529766146979796","22111.06040268456","55160.5422721699","237638","119","3062696","60052.86274509803","85076.82971714911","340591","119","3294548","33964.412371134036","69582.41229855797","239128","3748","0","0","0","0","1040","1976","15.783652264286332","29.746113882693468","0","1460","918.3774834437088","706.6511420469733","499355.83655629156","0","1","0","0","0","0","0","0","1","924.5","1.1923076923076923","1414.4183673469388","0","0","0","0","0","0","52","62","98","138613","-1","5840","1","0","0","0","0","0","0","0","0","0","ddos"
"36","799","192.168.4.118-203.73.24.75-4521-80-6","192.168.4.118","4521","203.73.24.75","80","6","12/06/2010 08:36:32 AM","134","1","1","0","0","0","0","0","0","0","0","0","0","0.0","14925.373134328356","134","0","134","134","0","0","0","0","0","0","0","0","0","0","0","0","0","0","20","20","7462.686567164178","7462.686567164178","0","0","0","0","0","0","0","0","0","1","0","0","0","1","0","0","0","0","0","0","0","0","0","1","0","1","0","-1","16147","0","0","0","0","0","0","0","0","0","0","ddos"
"37","802","192.168.4.118-203.73.24.75-4522-80-6","192.168.4.118","4522","203.73.24.75","80","6","12/06/2010 08:36:32 AM","478928","3","6","85","3858","85","0","28.333333333333336","49.074772881118186","1460","0","643","729.7054200155019","8232.97030033742","18.791968730164033","59866","105210.29759214909","231682","151","249031","124515.5","175877.96257774878","248880","151","478928","95785.6","122963.96594653248","232106","2281","0","0","0","0","60","136","6.263989576721344","12.527979153442688","0","1460","394.3","632.0639999240582","399504.9","0","1","0","0","0","0","0","0","2","438.1111111111112","28.33333333333333","643","0","0","0","0","0","0","3","85","6","3858","-1","5840","1","0","0","0","0","0","0","0","0","0","ddos"
"38","803","192.168.4.118-203.73.24.75-4522-80-6","192.168.4.118","4522","203.73.24.75","80","6","12/06/2010 08:36:33 AM","83","1","1","0","0","0","0","0","0","0","0","0","0","0.0","24096.38554216868","83","0","83","83","0","0","0","0","0","0","0","0","0","0","0","0","0","0","20","20","12048.192771084336","12048.192771084336","0","0","0","0","0","0","0","0","0","1","0","0","0","1","0","0","0","0","0","0","0","0","0","1","0","1","0","-1","16582","0","0","0","0","0","0","0","0","0","0","ddos"
"39","805","192.168.4.118-203.73.24.75-4523-80-6","192.168.4.118","4523","203.73.24.75","80","6","12/06/2010 08:36:33 AM","472332","2","5","74","1050","74","0","37","52.32590180780453","1050","0","210","469.5742752749558","2379.6820880228315","14.820084178078131","78722","118849.02392026615","233412","6","134","134","0","134","134","472332","118083","131958.33945858316","233851","6","0","0","0","0","40","116","4.2343097651651815","10.585774412912953","0","1050","140.5","368.4046688086349","135722","0","1","0","0","0","0","0","0","2","160.57142857142858","37","210","0","0","0","0","0","0","2","74","5","1050","-1","5840","1","0","0","0","0","0","0","0","0","0","ddos"
"40","806","192.168.4.118-203.73.24.75-4523-80-6","192.168.4.118","4523","203.73.24.75","80","6","12/06/2010 08:36:33 AM","134","1","1","0","0","0","0","0","0","0","0","0","0","0.0","14925.373134328356","134","0","134","134","0","0","0","0","0","0","0","0","0","0","0","0","0","0","20","20","7462.686567164178","7462.686567164178","0","0","0","0","0","0","0","0","0","1","0","0","0","1","0","0","0","0","0","0","0","0","0","1","0","1","0","-1","16470","0","0","0","0","0","0","0","0","0","0","ddos"
"41","807","192.168.4.118-203.73.24.75-4524-80-6","192.168.4.118","4524","203.73.24.75","80","6","12/06/2010 08:36:33 AM","482777","2","6","91","1716","91","0","45.5","64.34671708797582","1460","0","286","584.184902235585","3742.928929920025","16.57079769748766","68968.14285714286","111034.6666202776","231865","6","154","154","0","154","154","482777","96555.4","123367.10747723641","232348","6","0","0","0","0","40","136","4.142699424371915","12.428098273115745","0","1460","200.77777777777766","479.9233735133604","230326.4444444444","0","1","0","0","0","0","0","0","3","225.875","45.5","286","0","0","0","0","0","0","2","91","6","1716","-1","5840","1","0","0","0","0","0","0","0","0","0","ddos"
"42","808","192.168.4.118-203.73.24.75-4524-80-6","192.168.4.118","4524","203.73.24.75","80","6","12/06/2010 08:36:34 AM","134","2","1","0","0","0","0","0","0","0","0","0","0","0.0","22388.059701492533","67","86.2670273047588","128","6","128","128","0","128","128","0","0","0","0","0","0","0","0","0","40","20","14925.373134328356","7462.686567164178","0","0","0","0","0","0","0","0","0","1","0","0","0","0","0","0","0","0","0","0","0","0","0","2","0","1","0","-1","17520","0","0","0","0","0","0","0","0","0","0","ddos"
"43","811","192.168.4.118-203.73.24.75-4525-80-6","192.168.4.118","4525","203.73.24.75","80","6","12/06/2010 08:36:34 AM","486964","3","7","87","5310","87","0","29","50.22947341949745","1460","0","758.5714285714287","733.9034580340152","11082.954797479895","20.535398920659432","54107.111111111124","100980.13962587454","232791","150","248740","124370","175673.60871798586","248590","150","486964","81160.66666666666","117134.29717493788","232791","1278","0","0","0","0","60","156","6.160619676197832","14.374779244461605","0","1460","490.6363636363636","679.6546582974728","461930.45454545453","0","1","0","0","0","0","0","0","2","539.7","29","758.5714285714287","0","0","0","0","0","0","3","87","7","5310","-1","5840","1","0","0","0","0","0","0","0","0","0","ddos"
"44","812","192.168.4.118-203.73.24.75-4525-80-6","192.168.4.118","4525","203.73.24.75","80","6","12/06/2010 08:36:34 AM","974","2","1","0","0","0","0","0","0","0","0","0","0","0.0","3080.082135523614","487","680.2367235014588","968","6","6","6","0","6","6","0","0","0","0","0","0","0","0","0","40","20","2053.388090349076","1026.694045174538","0","0","0","0","0","0","0","0","0","1","0","0","0","0","0","0","0","0","0","0","0","0","0","2","0","1","0","-1","17520","0","0","0","0","0","0","0","0","0","0","ddos"
"45","813","192.168.4.118-203.73.24.75-4526-80-6","192.168.4.118","4526","203.73.24.75","80","6","12/06/2010 08:36:34 AM","487376","3","7","87","5075","87","0","29","50.22947341949745","1460","0","725","730.1198531748057","10591.4119694035","20.518039460293487","54152.888888888876","100342.13524293326","231475","186","252919","126459.5","178573.4536276319","252730","189","487376","81229.33333333334","116219.19288252981","231850","817","0","0","0","0","60","156","6.155411838088048","14.362627622205446","0","1460","469.27272727272725","668.0574961646778","446300.8181818182","0","1","0","0","0","0","0","0","2","516.2","29","725","0","0","0","0","0","0","3","87","7","5075","-1","5840","1","0","0","0","0","0","0","0","0","0","ddos"
"46","814","192.168.4.118-203.73.24.75-4526-80-6","192.168.4.118","4526","203.73.24.75","80","6","12/06/2010 08:36:35 AM","739","2","1","0","0","0","0","0","0","0","0","0","0","0.0","4059.5399188092024","369.5","514.06662992262","733","6","6","6","0","6","6","0","0","0","0","0","0","0","0","0","40","20","2706.359945872801","1353.1799729364004","0","0","0","0","0","0","0","0","0","1","0","0","0","0","0","0","0","0","0","0","0","0","0","2","0","1","0","-1","17520","0","0","0","0","0","0","0","0","0","0","ddos"
"47","821","192.168.4.118-203.73.24.75-4527-80-6","192.168.4.118","4527","203.73.24.75","80","6","12/06/2010 08:36:35 AM","3490890","4","7","87","4757","87","0","21.75","43.5","1460","0","679.5714285714286","739.2004367654863","1387.6117551684524","3.1510588990200215","349089","939710.0532336794","3010017","198","477410","159136.66666666663","137970.23875580318","248075","198","3490890","581815","1304769.640524334","3238710","283","0","0","0","0","88","156","1.1458395996436441","2.005219299376377","0","1460","403.66666666666674","644.094337152187","414857.5151515153","0","1","0","0","0","0","0","0","1","440.3636363636364","21.75","679.5714285714286","0","0","0","0","0","0","4","87","7","4757","-1","5840","1","0","0","0","0","0","0","0","0","0","ddos"
"48","822","192.168.4.118-203.73.24.75-4527-80-6","192.168.4.118","4527","203.73.24.75","80","6","12/06/2010 08:36:38 AM","6","1","1","0","0","0","0","0","0","0","0","0","0","0.0","333333.33333333326","6","0","6","6","0","0","0","0","0","0","0","0","0","0","0","0","0","0","20","20","166666.66666666663","166666.66666666663","0","0","0","0","0","0","0","0","0","1","0","0","0","1","0","0","0","0","0","0","0","0","0","1","0","1","0","-1","17520","0","0","0","0","0","0","0","0","0","0","ddos"
"49","826","192.168.4.118-203.73.24.75-4528-80-6","192.168.4.118","4528","203.73.24.75","80","6","12/06/2010 08:36:38 AM","3192566","51","98","38","138613","38","0","0.7450980392156864","5.321064319306437","1460","0","1414.4183673469386","252.79378839872047","43429.32926053839","46.6709223865693","21571.391891891893","51027.92341462312","238039","48","2958370","59167.40000000001","78479.29884123741","338713","48","3192566","32913.05154639174","64845.379317903076","239353","3500","0","0","0","0","1020","1976","15.974611018221708","30.696311368347594","0","1460","924.34","705.1883829419211","497290.6554362415","0","1","0","0","0","0","0","0","1","930.5436241610738","0.7450980392156863","1414.4183673469388","0","0","0","0","0","0","51","38","98","138613","-1","5840","1","0","0","0","0","0","0","0","0","0","ddos"
"50","827","192.168.4.118-203.73.24.75-4528-80-6","192.168.4.118","4528","203.73.24.75","80","6","12/06/2010 08:36:41 AM","90","1","1","0","0","0","0","0","0","0","0","0","0","0.0","22222.222222222223","90","0","90","90","0","0","0","0","0","0","0","0","0","0","0","0","0","0","20","20","11111.111111111111","11111.111111111111","0","0","0","0","0","0","0","0","0","1","0","0","0","1","0","0","0","0","0","0","0","0","0","1","0","1","0","-1","16147","0","0","0","0","0","0","0","0","0","0","ddos"
"51","830","192.168.4.118-203.73.24.75-4529-80-6","192.168.4.118","4529","203.73.24.75","80","6","12/06/2010 08:36:41 AM","3104990","50","98","38","138618","38","0","0.7600000000000001","5.37401153701776","1460","0","1414.469387755102","252.7858473495696","44655.86040534752","47.66520987185144","21122.380952380947","57882.99986100128","238157","66","2872538","58623.22448979592","92524.99313434752","343804","66","3104990","32010.20618556699","70620.51795068987","239600","3746","0","0","0","0","1000","1976","16.103111443193054","31.56209842865839","0","1460","930.5771812080536","703.4692907222733","494869.0429892981","0","1","0","0","0","0","0","0","1","936.8648648648648","0.76","1414.469387755102","0","0","0","0","0","0","50","38","98","138618","-1","5840","1","0","0","0","0","0","0","0","0","0","ddos"
"52","831","192.168.4.118-203.73.24.75-4529-80-6","192.168.4.118","4529","203.73.24.75","80","6","12/06/2010 08:36:45 AM","135","1","1","0","0","0","0","0","0","0","0","0","0","0.0","14814.814814814814","135","0","135","135","0","0","0","0","0","0","0","0","0","0","0","0","0","0","20","20","7407.407407407407","7407.407407407407","0","0","0","0","0","0","0","0","0","1","0","0","0","1","0","0","0","0","0","0","0","0","0","1","0","1","0","-1","16142","0","0","0","0","0","0","0","0","0","0","ddos"
"53","837","192.168.4.118-203.73.24.75-4530-80-6","192.168.4.118","4530","203.73.24.75","80","6","12/06/2010 08:36:45 AM","3211838","51","98","38","138611","38","0","0.7450980392156864","5.321064319306437","1460","0","1414.3979591836735","252.79724730149812","43168.117445524964","46.39088272820734","21701.60810810811","51435.725057846015","237979","73","2979286","59585.72","78924.74367810576","342336","73","3211838","33111.73195876288","65763.35862639041","239353","3744","0","0","0","0","1020","1976","15.878758517708551","30.512124210498786","0","1460","924.3266666666667","705.1798618360779","497278.6375391499","0","1","0","0","0","0","0","0","1","930.530201342282","0.7450980392156863","1414.3979591836735","0","0","0","0","0","0","51","38","98","138611","-1","5840","1","0","0","0","0","0","0","0","0","0","ddos"
"54","838","192.168.4.118-203.73.24.75-4530-80-6","192.168.4.118","4530","203.73.24.75","80","6","12/06/2010 08:36:48 AM","107","1","1","0","0","0","0","0","0","0","0","0","0","0.0","18691.58878504673","107","0","107","107","0","0","0","0","0","0","0","0","0","0","0","0","0","0","20","20","9345.794392523365","9345.794392523365","0","0","0","0","0","0","0","0","0","1","0","0","0","1","0","0","0","0","0","0","0","0","0","1","0","1","0","-1","16149","0","0","0","0","0","0","0","0","0","0","ddos"
"55","843","192.168.4.118-203.73.24.75-4531-80-6","192.168.4.118","4531","203.73.24.75","80","6","12/06/2010 08:36:48 AM","3381286","52","98","38","138615","38","0","0.7307692307692311","5.269651864139676","1460","0","1414.4387755102039","252.79049091172797","41005.995943555215","44.3618197336753","22693.1946308725","57068.55253915741","237620","83","3147811","61721.7843137255","92707.60562053444","427198","83","3381286","34858.61855670103","71192.29926424674","238860","3748","0","0","0","0","1040","1976","15.37876417434077","28.98305555933453","0","1460","918.2317880794701","706.856312072061","499645.8459161149","0","1","0","0","0","0","0","0","1","924.3533333333336","0.7307692307692307","1414.4387755102039","0","0","0","0","0","0","52","38","98","138615","-1","5840","1","0","0","0","0","0","0","0","0","0","ddos"
"56","844","192.168.4.118-203.73.24.75-4531-80-6","192.168.4.118","4531","203.73.24.75","80","6","12/06/2010 08:36:51 AM","89","1","1","0","0","0","0","0","0","0","0","0","0","0.0","22471.91011235955","89","0","89","89","0","0","0","0","0","0","0","0","0","0","0","0","0","0","20","20","11235.955056179775","11235.955056179775","0","0","0","0","0","0","0","0","0","1","0","0","0","1","0","0","0","0","0","0","0","0","0","1","0","1","0","-1","16145","0","0","0","0","0","0","0","0","0","0","ddos"
"57","848","192.168.4.118-203.73.24.75-4532-80-6","192.168.4.118","4532","203.73.24.75","80","6","12/06/2010 08:36:51 AM","3090618","51","98","38","138611","38","0","0.7450980392156864","5.321064319306437","1460","0","1414.3979591836735","252.79724730149812","44861.25428635955","48.21042264039102","20882.55405405405","56498.59435398947","237540","90","2857450","57149","89765.11951914127","344746","90","3090618","31862.041237113375","69970.99427023277","238852","3747","0","0","0","0","1020","1976","16.501554058120416","31.708868582270604","0","1460","924.3266666666667","705.1798618360779","497278.6375391499","0","1","0","0","0","0","0","0","1","930.530201342282","0.7450980392156863","1414.3979591836735","0","0","0","0","0","0","51","38","98","138611","-1","5840","1","0","0","0","0","0","0","0","0","0","ddos"
"58","849","192.168.4.118-203.73.24.75-4532-80-6","192.168.4.118","4532","203.73.24.75","80","6","12/06/2010 08:36:54 AM","90","1","1","0","0","0","0","0","0","0","0","0","0","0.0","22222.222222222223","90","0","90","90","0","0","0","0","0","0","0","0","0","0","0","0","0","0","20","20","11111.111111111111","11111.111111111111","0","0","0","0","0","0","0","0","0","1","0","0","0","1","0","0","0","0","0","0","0","0","0","1","0","1","0","-1","16149","0","0","0","0","0","0","0","0","0","0","ddos"
"59","855","192.168.4.118-203.73.24.75-4533-80-6","192.168.4.118","4533","203.73.24.75","80","6","12/06/2010 08:36:54 AM","3357654","51","98","38","138609","38","0","0.7450980392156864","5.321064319306437","1460","0","1414.377551020408","252.80086761343532","41292.81933159283","44.37622220752942","22686.851351351368","57660.22537920293","238609","91","3116917","62338.33999999997","92264.86374952695","396064","91","3357654","34614.98969072164","71602.94625608624","239851","3748","0","0","0","0","1020","1976","15.189176728751681","29.187045478777733","0","1460","924.3133333333334","705.1713784431353","497266.67297539156","0","1","0","0","0","0","0","0","1","930.51677852349","0.7450980392156863","1414.3775510204086","0","0","0","0","0","0","51","38","98","138609","-1","5840","1","0","0","0","0","0","0","0","0","0","ddos"
"60","856","192.168.4.118-203.73.24.75-4533-80-6","192.168.4.118","4533","203.73.24.75","80","6","12/06/2010 08:36:58 AM","91","1","1","0","0","0","0","0","0","0","0","0","0","0.0","21978.021978021974","91","0","91","91","0","0","0","0","0","0","0","0","0","0","0","0","0","0","20","20","10989.010989010987","10989.010989010987","0","0","0","0","0","0","0","0","0","1","0","0","0","1","0","0","0","0","0","0","0","0","0","1","0","1","0","-1","16151","0","0","0","0","0","0","0","0","0","0","ddos"
"61","860","192.168.4.118-203.73.24.75-4534-80-6","192.168.4.118","4534","203.73.24.75","80","6","12/06/2010 08:36:58 AM","3130574","50","98","38","138610","38","0","0.7600000000000001","5.37401153701776","1460","0","1414.3877551020407","252.799037281748","44288.363731379606","47.275675323439096","21296.42176870749","50440.4598579742","238133","81","2898534","59153.75510204082","77690.36056989594","339655","81","3130574","32273.958762886603","60377.30057968764","239605","3499","0","0","0","0","1000","1976","15.971511933594284","31.3041633898448","0","1460","930.5234899328856","703.4352155565113","494821.1024850354","0","1","0","0","0","0","0","0","1","936.8108108108107","0.76","1414.3877551020407","0","0","0","0","0","0","50","38","98","138610","-1","5840","1","0","0","0","0","0","0","0","0","0","ddos"
"62","861","192.168.4.118-203.73.24.75-4534-80-6","192.168.4.118","4534","203.73.24.75","80","6","12/06/2010 08:37:01 AM","79","1","1","0","0","0","0","0","0","0","0","0","0","0.0","25316.455696202534","79","0","79","79","0","0","0","0","0","0","0","0","0","0","0","0","0","0","20","20","12658.227848101267","12658.227848101267","0","0","0","0","0","0","0","0","0","1","0","0","0","1","0","0","0","0","0","0","0","0","0","1","0","1","0","-1","16150","0","0","0","0","0","0","0","0","0","0","ddos"
"63","863","192.168.4.118-203.73.24.75-4535-80-6","192.168.4.118","4535","203.73.24.75","80","6","12/06/2010 08:37:01 AM","482454","3","6","108","4202","108","0","36","62.353829072479584","1460","0","700.3333333333335","769.9251045826904","8933.494177683258","18.654628213259713","60306.75","105345.0005102283","231722","146","249760","124880","176400.51448904566","249614","146","482454","96490.80000000002","122865.93990687572","232049","3839","0","0","0","0","60","136","6.218209404419904","12.436418808839807","0","1460","431","671.7124053905477","451197.5555555556","0","1","0","0","0","0","0","0","2","478.88888888888886","36","700.3333333333335","0","0","0","0","0","0","3","108","6","4202","-1","5840","1","0","0","0","0","0","0","0","0","0","ddos"
"64","864","192.168.4.118-203.73.24.75-4535-80-6","192.168.4.118","4535","203.73.24.75","80","6","12/06/2010 08:37:01 AM","162","1","1","0","0","0","0","0","0","0","0","0","0","0.0","12345.67901234568","162","0","162","162","0","0","0","0","0","0","0","0","0","0","0","0","0","0","20","20","6172.83950617284","6172.83950617284","0","0","0","0","0","0","0","0","0","1","0","0","0","1","0","0","0","0","0","0","0","0","0","1","0","1","0","-1","16238","0","0","0","0","0","0","0","0","0","0","ddos"
"65","865","192.168.4.118-203.73.24.75-4536-80-6","192.168.4.118","4536","203.73.24.75","80","6","12/06/2010 08:37:01 AM","482639","3","7","109","4683","109","0","36.33333333333333","62.93117934166921","1460","0","669","747.6275810856633","9928.745915684394","20.71941969049331","53626.55555555555","100492.46734968637","231970","162","249750","124875","176370.8160042358","249588","162","482639","80439.83333333334","116650.45646103006","232358","209","0","0","0","0","60","156","6.215825907147992","14.503593783345316","0","1460","435.6363636363636","664.1476150265499","441092.0545454545","0","1","0","0","0","0","0","0","2","479.2","36.333333333333336","669","0","0","0","0","0","0","3","109","7","4683","-1","5840","1","0","0","0","0","0","0","0","0","0","ddos"
"66","866","192.168.4.118-203.73.24.75-4536-80-6","192.168.4.118","4536","203.73.24.75","80","6","12/06/2010 08:37:02 AM","490","2","1","0","0","0","0","0","0","0","0","0","0","0.0","6122.448979591837","245","337.99704140716966","484","6","6","6","0","6","6","0","0","0","0","0","0","0","0","0","40","20","4081.632653061225","2040.8163265306125","0","0","0","0","0","0","0","0","0","1","0","0","0","0","0","0","0","0","0","0","0","0","0","2","0","1","0","-1","17520","0","0","0","0","0","0","0","0","0","0","ddos"
"67","867","192.168.4.118-203.73.24.75-4537-80-6","192.168.4.118","4537","203.73.24.75","80","6","12/06/2010 08:37:02 AM","491922","4","7","109","4804","109","0","27.25","54.5","1460","0","686.2857142857142","739.105250575702","9987.3557189961","22.361268656413007","49192.2","96012.36559457675","231534","161","254865","84955","142811.38628274712","249837","161","491922","81987","115862.17118455876","232101","4747","0","0","0","0","80","156","8.131370420513822","14.229898235899189","0","1460","409.4166666666666","644.9096424846638","415908.4469696969","0","1","0","0","0","0","0","0","1","446.6363636363636","27.25","686.2857142857142","0","0","0","0","0","0","4","109","7","4804","-1","5840","1","0","0","0","0","0","0","0","0","0","ddos"
"68","868","192.168.4.118-203.73.24.75-4537-80-6","192.168.4.118","4537","203.73.24.75","80","6","12/06/2010 08:37:02 AM","6","1","1","0","0","0","0","0","0","0","0","0","0","0.0","333333.33333333326","6","0","6","6","0","0","0","0","0","0","0","0","0","0","0","0","0","0","20","20","166666.66666666663","166666.66666666663","0","0","0","0","0","0","0","0","0","1","0","0","0","1","0","0","0","0","0","0","0","0","0","1","0","1","0","-1","17096","0","0","0","0","0","0","0","0","0","0","ddos"
"69","873","192.168.4.118-203.73.24.75-4538-80-6","192.168.4.118","4538","203.73.24.75","80","6","12/06/2010 08:37:02 AM","3403462","52","98","38","138613","38","0","0.7307692307692311","5.269651864139676","1460","0","1414.4183673469386","252.79378839872047","40738.22478405811","44.07277060828063","22842.02684563758","53570.7909949405","290686","76","3168972","62136.70588235293","81757.96412858972","343304","76","3403462","35087.23711340205","68328.03277492413","292079","3746","0","0","0","0","1040","1976","15.278560477537287","28.79421013074334","0","1460","918.2185430463576","706.8477148018022","499633.69192053","0","1","0","0","0","0","0","0","1","924.34","0.7307692307692307","1414.4183673469388","0","0","0","0","0","0","52","38","98","138613","-1","5840","1","0","0","0","0","0","0","0","0","0","ddos"
"70","874","192.168.4.118-203.73.24.75-4538-80-6","192.168.4.118","4538","203.73.24.75","80","6","12/06/2010 08:37:06 AM","96","1","1","0","0","0","0","0","0","0","0","0","0","0.0","20833.33333333333","96","0","96","96","0","0","0","0","0","0","0","0","0","0","0","0","0","0","20","20","10416.666666666666","10416.666666666666","0","0","0","0","0","0","0","0","0","1","0","0","0","1","0","0","0","0","0","0","0","0","0","1","0","1","0","-1","16147","0","0","0","0","0","0","0","0","0","0","ddos"
"71","876","192.168.4.118-203.73.24.75-4539-80-6","192.168.4.118","4539","203.73.24.75","80","6","12/06/2010 08:37:06 AM","470405","2","5","91","952","91","0","45.5","64.34671708797582","952","0","190.4","425.74734291596","2217.2383371775386","14.880794209245224","78400.83333333334","117877.07529696633","232066","6","117","117","0","117","117","470405","117601.25","130745.75943760725","232601","6","0","0","0","0","40","116","4.251655488355778","10.629138720889443","0","952","130.375","333.51030718704936","111229.125","0","1","0","0","0","0","0","0","2","149","45.5","190.4","0","0","0","0","0","0","2","91","5","952","-1","5840","1","0","0","0","0","0","0","0","0","0","ddos"
"72","877","192.168.4.118-203.73.24.75-4539-80-6","192.168.4.118","4539","203.73.24.75","80","6","12/06/2010 08:37:06 AM","141","1","1","0","0","0","0","0","0","0","0","0","0","0.0","14184.397163120566","141","0","141","141","0","0","0","0","0","0","0","0","0","0","0","0","0","0","20","20","7092.198581560283","7092.198581560283","0","0","0","0","0","0","0","0","0","1","0","0","0","1","0","0","0","0","0","0","0","0","0","1","0","1","0","-1","16568","0","0","0","0","0","0","0","0","0","0","ddos"
"73","878","192.168.4.118-203.73.24.75-4540-80-6","192.168.4.118","4540","203.73.24.75","80","6","12/06/2010 08:37:06 AM","470524","2","5","92","958","92","0","46","65.05382386916237","958","0","191.6","428.43062448895967","2231.5546072038833","14.877030714692555","78420.66666666669","118346.46391619256","232232","6","161","161","0","161","161","470524","117631","131340.54227084643","232600","6","0","0","0","0","40","116","4.250580204197873","10.626450510494683","0","958","131.25","335.6051038263359","112630.78571428572","0","1","0","0","0","0","0","0","2","150","46","191.6","0","0","0","0","0","0","2","92","5","958","-1","5840","1","0","0","0","0","0","0","0","0","0","ddos"
"74","879","192.168.4.118-203.73.24.75-4540-80-6","192.168.4.118","4540","203.73.24.75","80","6","12/06/2010 08:37:07 AM","83","1","1","0","0","0","0","0","0","0","0","0","0","0.0","24096.38554216868","83","0","83","83","0","0","0","0","0","0","0","0","0","0","0","0","0","0","20","20","12048.192771084336","12048.192771084336","0","0","0","0","0","0","0","0","0","1","0","0","0","1","0","0","0","0","0","0","0","0","0","1","0","1","0","-1","16562","0","0","0","0","0","0","0","0","0","0","ddos"
"75","881","192.168.4.118-203.73.24.75-4541-80-6","192.168.4.118","4541","203.73.24.75","80","6","12/06/2010 08:37:07 AM","478574","2","5","92","958","92","0","46","65.05382386916237","958","0","191.6","428.43062448895967","2194.0180619925027","14.626787079950018","79762.33333333331","120266.17955130473","237866","7","269","269","0","269","269","478574","119643.5","133524.97891281114","237866","7","0","0","0","0","40","116","4.179082022842862","10.447705057107157","0","958","131.25","335.6051038263359","112630.78571428572","0","1","0","0","0","0","0","0","2","150","46","191.6","0","0","0","0","0","0","2","92","5","958","-1","5840","1","0","0","0","0","0","0","0","0","0","ddos"
"76","883","192.168.4.118-203.73.24.75-4542-80-6","192.168.4.118","4542","203.73.24.75","80","6","12/06/2010 08:37:07 AM","474602","2","6","80","1897","80","0","40","56.56854249492381","1460","0","316.16666666666663","586.9924758177626","4165.595593781737","16.85622900872731","67800.28571428572","111482.03131404074","231573","31","134","134","0","134","134","474602","94920.4","124436.01274068533","232089","31","0","0","0","0","40","136","4.214057252181828","12.642171756545483","0","1460","219.66666666666669","486.6579907902469","236836","0","1","0","0","0","0","0","0","3","247.125","40","316.1666666666667","0","0","0","0","0","0","2","80","6","1897","-1","5840","1","0","0","0","0","0","0","0","0","0","ddos"
"77","884","192.168.4.118-203.73.24.75-4542-80-6","192.168.4.118","4542","203.73.24.75","80","6","12/06/2010 08:37:08 AM","149","2","1","0","0","0","0","0","0","0","0","0","0","0.0","20134.228187919463","74.5","45.9619407771256","107","42","107","107","0","107","107","0","0","0","0","0","0","0","0","0","40","20","13422.818791946309","6711.4093959731545","0","0","0","0","0","0","0","0","0","1","0","0","0","0","0","0","0","0","0","0","0","0","0","2","0","1","0","-1","17520","0","0","0","0","0","0","0","0","0","0","ddos"
"78","887","192.168.4.118-203.73.24.75-4543-80-6","192.168.4.118","4543","203.73.24.75","80","6","12/06/2010 08:37:08 AM","1242607","9","19","105","20702","105","0","11.666666666666664","35","1460","0","1089.578947368421","639.2087396660787","16744.63446608622","22.533270776681604","46022.48148148147","91870.96522772928","242229","7","1002415","125301.875","125956.67298994695","249350","161","1242607","69033.72222222223","106514.02239738787","243598","7","0","0","0","0","180","396","7.2428370353619425","15.290433741319662","0","1460","717.4827586206897","731.7641413875714","535478.7586206895","0","1","0","0","0","0","0","0","2","743.1071428571429","11.666666666666664","1089.578947368421","0","0","0","0","0","0","9","105","19","20702","-1","5840","1","0","0","0","0","0","0","0","0","0","ddos"
"79","888","192.168.4.118-203.73.24.75-4543-80-6","192.168.4.118","4543","203.73.24.75","80","6","12/06/2010 08:37:09 AM","340","1","1","0","0","0","0","0","0","0","0","0","0","0.0","5882.352941176469","340","0","340","340","0","0","0","0","0","0","0","0","0","0","0","0","0","0","20","20","2941.1764705882347","2941.1764705882347","0","0","0","0","0","0","0","0","0","1","0","0","0","1","0","0","0","0","0","0","0","0","0","1","0","1","0","-1","17520","0","0","0","0","0","0","0","0","0","0","ddos"
"80","895","192.168.4.118-203.73.24.75-4544-80-6","192.168.4.118","4544","203.73.24.75","80","6","12/06/2010 08:37:09 AM","3301357","51","98","38","138601","38","0","0.7450980392156864","5.321064319306437","1460","0","1414.2959183673468","252.8169628094592","41994.54951403317","45.13295593296938","22306.46621621621","57949.063877493","237963","90","3061490","61229.80000000001","91431.84939525576","348616","90","3301357","34034.60824742268","71992.75462453332","239379","2225","0","0","0","0","1020","1976","15.448192970345225","29.68476296262416","0","1460","924.26","705.1378220275038","497219.3480536913","0","1","0","0","0","0","0","0","1","930.4630872483225","0.7450980392156863","1414.2959183673472","0","0","0","0","0","0","51","38","98","138601","-1","5840","1","0","0","0","0","0","0","0","0","0","ddos"
"81","896","192.168.4.118-203.73.24.75-4544-80-6","192.168.4.118","4544","203.73.24.75","80","6","12/06/2010 08:37:12 AM","161","1","1","0","0","0","0","0","0","0","0","0","0","0.0","12422.360248447205","161","0","161","161","0","0","0","0","0","0","0","0","0","0","0","0","0","0","20","20","6211.180124223602","6211.180124223602","0","0","0","0","0","0","0","0","0","1","0","0","0","1","0","0","0","0","0","0","0","0","0","1","0","1","0","-1","16159","0","0","0","0","0","0","0","0","0","0","ddos"
"82","898","192.168.4.118-203.73.24.75-4545-80-6","192.168.4.118","4545","203.73.24.75","80","6","12/06/2010 08:37:12 AM","3074001","50","98","38","138613","38","0","0.7600000000000001","5.37401153701776","1460","0","1414.4183673469386","252.79378839872047","45104.409530120516","48.14572278928992","20911.571428571428","57906.95601909378","237486","74","2841863","57997.20408163266","92541.09933564195","340141","74","3074001","31690.73195876288","70407.83746671888","238851","3497","0","0","0","0","1000","1976","16.265446888273626","31.880275901016297","0","1460","930.5436241610736","703.4479223816023","494838.979502993","0","1","0","0","0","0","0","0","1","936.8310810810808","0.76","1414.4183673469388","0","0","0","0","0","0","50","38","98","138613","-1","5840","1","0","0","0","0","0","0","0","0","0","ddos"
"83","899","192.168.4.118-203.73.24.75-4545-80-6","192.168.4.118","4545","203.73.24.75","80","6","12/06/2010 08:37:15 AM","90","1","1","0","0","0","0","0","0","0","0","0","0","0.0","22222.222222222223","90","0","90","90","0","0","0","0","0","0","0","0","0","0","0","0","0","0","20","20","11111.111111111111","11111.111111111111","0","0","0","0","0","0","0","0","0","1","0","0","0","1","0","0","0","0","0","0","0","0","0","1","0","1","0","-1","16147","0","0","0","0","0","0","0","0","0","0","ddos"
"84","902","192.168.4.118-203.73.24.75-4546-80-6","192.168.4.118","4546","203.73.24.75","80","6","12/06/2010 08:37:15 AM","499004","5","10","107","9506","107","0","21.4","47.8518547184955","1460","0","950.6","691.9948940081374","19264.37463427147","30.059879279524807","35643.142857142855","82502.36656359263","231945","178","265554","66388.5","123950.35550708733","252244","178","499004","55444.8888888889","99262.03613724187","232356","1365","0","0","0","0","100","216","10.019959759841603","20.03991951968321","0","1460","600.8125","710.959653684136","505463.6291666665","0","1","0","0","0","0","0","0","2","640.8666666666667","21.4","950.6","0","0","0","0","0","0","5","107","10","9506","-1","5840","1","0","0","0","0","0","0","0","0","0","ddos"
"85","903","192.168.4.118-203.73.24.75-4546-80-6","192.168.4.118","4546","203.73.24.75","80","6","12/06/2010 08:37:16 AM","6","1","1","0","0","0","0","0","0","0","0","0","0","0.0","333333.33333333326","6","0","6","6","0","0","0","0","0","0","0","0","0","0","0","0","0","0","20","20","166666.66666666663","166666.66666666663","0","0","0","0","0","0","0","0","0","1","0","0","0","1","0","0","0","0","0","0","0","0","0","1","0","1","0","-1","17520","0","0","0","0","0","0","0","0","0","0","ddos"
"86","905","192.168.4.118-203.73.24.75-4547-80-6","192.168.4.118","4547","203.73.24.75","80","6","12/06/2010 08:37:16 AM","518538","6","11","116","11485","116","0","19.333333333333336","47.35680169380811","1460","0","1044.090909090909","673.0557858818918","22372.516575448662","32.78448252587081","32408.625000000004","80652.61069539741","247455","162","286228","57245.6","115604.33977277842","263939","162","518538","51853.79999999999","98722.06659303684","247845","3326","0","0","0","0","120","236","11.570993832660283","21.213488693210518","0","1460","644.4999999999999","729.9490916978993","532825.6764705883","0","1","0","0","0","0","0","0","1","682.4117647058823","19.33333333333333","1044.090909090909","0","0","0","0","0","0","6","116","11","11485","-1","5840","1","0","0","0","0","0","0","0","0","0","ddos"
"87","906","192.168.4.118-203.73.24.75-4547-80-6","192.168.4.118","4547","203.73.24.75","80","6","12/06/2010 08:37:16 AM","6","1","1","0","0","0","0","0","0","0","0","0","0","0.0","333333.33333333326","6","0","6","6","0","0","0","0","0","0","0","0","0","0","0","0","0","0","20","20","166666.66666666663","166666.66666666663","0","0","0","0","0","0","0","0","0","1","0","0","0","1","0","0","0","0","0","0","0","0","0","1","0","1","0","-1","16255","0","0","0","0","0","0","0","0","0","0","ddos"
"88","907","192.168.4.118-203.73.24.75-4548-80-6","192.168.4.118","4548","203.73.24.75","80","6","12/06/2010 08:37:16 AM","1253134","9","19","116","20931","116","0","12.888888888888893","38.66666666666666","1460","0","1101.6315789473683","624.7324058726011","16795.490346602997","22.34397917541141","46412.37037037036","90557.89504856426","250940","7","1014069","126758.625","120962.67632850047","265598","198","1253134","69618.55555555556","108738.62372530381","251593","7","0","0","0","0","180","396","7.181993306382239","15.161985869029168","0","1460","725.7586206896553","727.5667694039404","529353.4039408867","0","1","0","0","0","0","0","0","2","751.6785714285713","12.888888888888893","1101.6315789473683","0","0","0","0","0","0","9","116","19","20931","-1","5840","1","0","0","0","0","0","0","0","0","0","ddos"
"89","908","192.168.4.118-203.73.24.75-4548-80-6","192.168.4.118","4548","203.73.24.75","80","6","12/06/2010 08:37:17 AM","492","2","1","0","0","0","0","0","0","0","0","0","0","0.0","6097.560975609756","246","339.4112549695428","486","6","6","6","0","6","6","0","0","0","0","0","0","0","0","0","40","20","4065.040650406504","2032.520325203252","0","0","0","0","0","0","0","0","0","1","0","0","0","0","0","0","0","0","0","0","0","0","0","2","0","1","0","-1","17520","0","0","0","0","0","0","0","0","0","0","ddos"
"90","909","192.168.1.103-208.113.162.153-1730-80-6","192.168.1.103","1730","208.113.162.153","80","6","12/06/2010 08:35:40 AM","98502400","1","1","0","0","0","0","0","0","0","0","0","0","0.0","0.020304073809369112","98502400","0","98502400","98502400","0","0","0","0","0","0","0","0","0","0","0","0","0","0","20","20","0.010152036904684556","0.010152036904684556","0","0","0","0","0","0","0","0","0","1","0","0","0","1","0","0","0","0","0","0","0","0","0","1","0","1","0","-1","17279","0","0","0","0","0","0","0","0","0","0","ddos"
"91","910","192.168.1.103-208.113.162.153-1731-80-6","192.168.1.103","1731","208.113.162.153","80","6","12/06/2010 08:35:39 AM","99163378","1","1","0","0","0","0","0","0","0","0","0","0","0.0","0.02016873608319394","99163378","0","99163378","99163378","0","0","0","0","0","0","0","0","0","0","0","0","0","0","20","20","0.01008436804159697","0.01008436804159697","0","0","0","0","0","0","0","0","0","1","0","0","0","1","0","0","0","0","0","0","0","0","0","1","0","1","0","-1","16496","0","0","0","0","0","0","0","0","0","0","ddos"
"92","911","192.168.4.118-203.73.24.75-4549-80-6","192.168.4.118","4549","203.73.24.75","80","6","12/06/2010 08:37:17 AM","970444","6","13","116","13537","116","0","19.333333333333336","47.35680169380811","1460","0","1041.3076923076924","661.1748866746458","14068.81798434531","19.578667084344893","53913.555555555555","97885.29242538234","237677","162","732239","146447.8","129789.38028860453","250087","162","970444","80870.33333333331","112117.28162252347","239103","289","0","0","0","0","120","276","6.182736974003652","13.395930110341244","0","1460","682.65","726.7535798257028","528170.7657894738","0","1","0","0","0","0","0","0","2","718.578947368421","19.33333333333333","1041.3076923076924","0","0","0","0","0","0","6","116","13","13537","-1","5840","1","0","0","0","0","0","0","0","0","0","ddos"
"93","912","192.168.4.118-203.73.24.75-4549-80-6","192.168.4.118","4549","203.73.24.75","80","6","12/06/2010 08:37:18 AM","257","2","1","0","0","0","0","0","0","0","0","0","0","0.0","11673.151750972762","128.5","173.24116139070415","251","6","6","6","0","6","6","0","0","0","0","0","0","0","0","0","40","20","7782.101167315174","3891.050583657587","0","0","0","0","0","0","0","0","0","1","0","0","0","0","0","0","0","0","0","0","0","0","0","2","0","1","0","-1","17520","0","0","0","0","0","0","0","0","0","0","ddos"
"94","914","192.168.4.118-203.73.24.75-4550-80-6","192.168.4.118","4550","203.73.24.75","80","6","12/06/2010 08:37:18 AM","490519","2","5","92","958","92","0","46","65.05382386916237","958","0","191.6","428.43062448895967","2140.589865020519","14.270599100136796","81753.16666666666","124426.13176245039","250144","7","142","142","0","142","142","490519","122629.75","138539.74525113724","250586","7","0","0","0","0","40","116","4.0773140286105125","10.19328507152628","0","958","131.25","335.6051038263359","112630.78571428572","0","1","0","0","0","0","0","0","2","150","46","191.6","0","0","0","0","0","0","2","92","5","958","-1","5840","1","0","0","0","0","0","0","0","0","0","ddos"
"95","916","192.168.4.118-203.73.24.75-4551-80-6","192.168.4.118","4551","203.73.24.75","80","6","12/06/2010 08:37:19 AM","509307","5","10","118","9947","118","0","23.6","52.771204268995035","1460","0","994.7","691.5592768037552","19762.147388510268","29.451784483621864","36379.07142857142","82477.16179316577","230991","179","272115","68028.75","127071.33272660935","258564","188","509307","56589.66666666666","98954.84389103953","231358","3257","0","0","0","0","100","216","9.817261494540624","19.634522989081248","0","1460","629.0624999999999","724.8438423780209","525398.5958333333","0","1","0","0","0","0","0","0","2","671","23.6","994.7","0","0","0","0","0","0","5","118","10","9947","-1","5840","1","0","0","0","0","0","0","0","0","0","ddos"
"96","917","192.168.4.118-203.73.24.75-4551-80-6","192.168.4.118","4551","203.73.24.75","80","6","12/06/2010 08:37:19 AM","7","1","1","0","0","0","0","0","0","0","0","0","0","0.0","285714.2857142857","7","0","7","7","0","0","0","0","0","0","0","0","0","0","0","0","0","0","20","20","142857.14285714287","142857.14285714287","0","0","0","0","0","0","0","0","0","1","0","0","0","1","0","0","0","0","0","0","0","0","0","1","0","1","0","-1","17520","0","0","0","0","0","0","0","0","0","0","ddos"
"97","919","192.168.4.118-203.73.24.75-4552-80-6","192.168.4.118","4552","203.73.24.75","80","6","12/06/2010 08:37:19 AM","986414","7","14","118","14736","118","0","16.857142857142858","44.599807815088816","1460","0","1052.5714285714287","669.3167255648698","15058.585948699023","21.289235554239898","49320.70000000001","95676.02801070527","244951","7","750963","125160.5","130937.92483272367","259256","224","986414","75878.00000000001","111555.4763858174","245581","7","0","0","0","0","140","296","7.096411851413301","14.192823702826605","0","1460","675.1818181818181","734.1749263702911","539012.8225108224","0","1","0","0","0","0","0","0","2","707.3333333333335","16.857142857142858","1052.5714285714287","0","0","0","0","0","0","7","118","14","14736","-1","5840","1","0","0","0","0","0","0","0","0","0","ddos"
"98","920","192.168.4.118-203.73.24.75-4552-80-6","192.168.4.118","4552","203.73.24.75","80","6","12/06/2010 08:37:20 AM","6","1","1","0","0","0","0","0","0","0","0","0","0","0.0","333333.33333333326","6","0","6","6","0","0","0","0","0","0","0","0","0","0","0","0","0","0","20","20","166666.66666666663","166666.66666666663","0","0","0","0","0","0","0","0","0","1","0","0","0","1","0","0","0","0","0","0","0","0","0","1","0","1","0","-1","17520","0","0","0","0","0","0","0","0","0","0","ddos"
"99","921","192.168.4.118-203.73.24.75-4553-80-6","192.168.4.118","4553","203.73.24.75","80","6","12/06/2010 08:37:20 AM","979233","6","12","118","12360","118","0","19.666666666666664","48.17329827473584","1460","0","1030","659.5039458149242","12742.626116562657","18.381733458737603","57601.94117647057","100851.9502243701","238536","179","744162","148832.4","131854.9482662672","254934","179","979233","89021.18181818182","115518.13505317525","239853","1056","0","0","0","0","120","256","6.127244486245867","12.254488972491734","0","1460","656.736842105263","720.1219682267769","518575.649122807","0","1","0","0","0","0","0","0","2","693.2222222222223","19.666666666666668","1030","0","0","0","0","0","0","6","118","12","12360","-1","5840","1","0","0","0","0","0","0","0","0","0","ddos"
"100","922","192.168.4.118-203.73.24.75-4553-80-6","192.168.4.118","4553","203.73.24.75","80","6","12/06/2010 08:37:21 AM","6","1","1","0","0","0","0","0","0","0","0","0","0","0.0","333333.33333333326","6","0","6","6","0","0","0","0","0","0","0","0","0","0","0","0","0","0","20","20","166666.66666666663","166666.66666666663","0","0","0","0","0","0","0","0","0","1","0","0","0","1","0","0","0","0","0","0","0","0","0","1","0","1","0","-1","17520","0","0","0","0","0","0","0","0","0","0","ddos"
"","","","","","","","","","","","","","","","","","","","","","","","","","","","","","","","","","","","","","","","","","","","","","","","","","","","","","","","","","","","","","","","","","","","","","","","","","","","","","","","","","","","","",""